e-000023171,malicious,
e-000023172,malicious,
e-000023173,malicious,
e-000023174,malicious,
e-000023175,malicious,
e-000023176,malicious,
e-000023177,malicious,
e-000023178,malicious,
e-000023179,malicious,
e-000023180,malicious,
e-000023181,malicious,
e-000023182,malicious,
e-000023183,malicious,
e-000023184,malicious,
e-000023185,malicious,
e-000023186,malicious,
e-000023187,malicious,
e-000023188,malicious,
e-000023189,malicious,
e-000023190,malicious,
e-000023191,malicious,
e-000023192,malicious,
e-000023193,malicious,
e-000023194,malicious,
e-000023195,malicious,
e-000023196,malicious,
e-000023197,malicious,
e-000023198,malicious,
e-000023199,malicious,
e-000023200,malicious,
e-000023201,malicious,
e-000023202,malicious,
e-000023203,malicious,
e-000023204,malicious,
e-000023205,malicious,
e-000023206,malicious,
e-000023207,malicious,
e-000023208,malicious,
e-000023209,malicious,
e-000023210,malicious,
e-000023211,malicious,
e-000023212,malicious,
e-000023213,malicious,
e-000023214,malicious,
e-000023215,malicious,
e-000023216,malicious,
e-000023217,malicious,
e-000023218,malicious,
e-000023219,malicious,
e-000023220,malicious,
e-000023221,malicious,
e-000023222,malicious,
e-000023223,malicious,
e-000023224,malicious,
e-000023225,malicious,
e-000023226,malicious,
e-000023227,malicious,
e-000023228,malicious,
e-000023229,malicious,
e-000023230,malicious,
e-000023231,malicious,
e-000023232,malicious,
e-000023233,malicious,
e-000023234,malicious,
