e-000023285,malicious,
e-000023286,malicious,
e-000023287,malicious,
e-000023288,malicious,
e-000023289,malicious,
e-000023290,malicious,
e-000023291,malicious,
e-000023292,malicious,
e-000023293,malicious,
e-000023294,malicious,
e-000023295,malicious,
e-000023296,malicious,
e-000023297,malicious,
e-000023298,malicious,
e-000023299,malicious,
e-000023300,malicious,
e-000023301,malicious,
e-000023302,malicious,
e-000023303,malicious,
e-000023304,malicious,
e-000023305,malicious,
e-000023306,malicious,
e-000023307,malicious,
e-000023308,malicious,
e-000023309,malicious,
e-000023310,malicious,
e-000023311,malicious,
e-000023312,malicious,
e-000023313,malicious,
