e-001000535,malicious,
e-001000536,malicious,
e-001000537,malicious,
e-001000538,malicious,
e-001000539,malicious,
e-001000540,malicious,
e-001000541,malicious,
e-001000542,malicious,
e-001000543,malicious,
e-001000544,malicious,
e-001000545,malicious,
e-001000546,malicious,
e-001000547,malicious,
e-001000548,malicious,
e-001000549,malicious,
e-001000550,malicious,
e-001000551,malicious,
e-001000552,malicious,
e-001000553,malicious,
e-001000554,malicious,
e-001000555,malicious,
e-001000556,malicious,
e-001000557,malicious,
e-001000558,malicious,
e-001000559,malicious,
e-001000560,malicious,
e-001000561,malicious,
e-001000562,malicious,
e-001000563,malicious,
e-001000564,malicious,
e-001000565,malicious,
e-001000566,malicious,
e-001000567,malicious,
e-001000568,malicious,
e-001000569,malicious,
e-001000570,malicious,
e-001000571,malicious,
e-001000572,malicious,
e-001000573,malicious,
e-001000574,malicious,
