e-000999815,malicious,
e-000999816,malicious,
e-000999817,malicious,
e-000999826,malicious,
e-000999827,malicious,
e-000999828,malicious,
e-000999829,malicious,
e-000999830,malicious,
e-000999831,malicious,
e-000999832,malicious,
e-000999833,malicious,
e-000999834,malicious,
e-000999835,malicious,
e-000999836,malicious,
e-000999837,malicious,
e-000999838,malicious,
e-000999839,malicious,
e-000999840,malicious,
e-000999841,malicious,
e-000999842,malicious,
e-000999843,malicious,
e-000999844,malicious,
e-000999845,malicious,
e-000999846,malicious,
e-000999847,malicious,
e-000999848,malicious,
e-000999849,malicious,
