e-00455554,malicious,
e-00455555,malicious,
e-00455556,malicious,
e-00455557,malicious,
e-00455558,malicious,
e-00455559,malicious,
e-00455560,malicious,
e-00455561,malicious,
e-00455562,malicious,
e-00455563,malicious,
e-00455564,malicious,
e-00455565,malicious,
e-00455566,malicious,
e-00455567,malicious,
e-00455568,malicious,
e-00455569,malicious,
e-00455570,malicious,
e-00455571,malicious,
e-00455572,malicious,
e-00455573,malicious,
e-00455574,malicious,
e-00455575,malicious,
e-00455576,malicious,
e-00455577,malicious,
e-00455578,malicious,
e-00455579,malicious,
e-00455580,malicious,
e-00455581,malicious,
e-00455582,malicious,
e-00455583,malicious,
e-00455584,malicious,
e-00455585,malicious,
e-00455586,malicious,
e-00455587,malicious,
e-00455588,malicious,
e-00455589,malicious,
e-00455590,malicious,
e-00455591,malicious,
e-00455592,malicious,
e-00455593,malicious,
e-00455594,malicious,
e-00455595,malicious,
e-00455596,malicious,
e-00455597,malicious,
e-00455598,malicious,
e-00455599,malicious,
e-00455600,malicious,
e-00455601,malicious,
e-00455602,malicious,
e-00455603,malicious,
e-00455604,malicious,
e-00455605,malicious,
e-00455606,malicious,
e-00455607,malicious,
e-00510030,malicious,
e-00510031,malicious,
e-00510032,malicious,
e-00510033,malicious,
e-00510034,malicious,
e-00510035,malicious,
e-00510036,malicious,
e-00510037,malicious,
e-00510038,malicious,
e-00510039,malicious,
e-00510040,malicious,
e-00510041,malicious,
e-00510042,malicious,
e-00510043,malicious,
e-00510044,malicious,
e-00510045,malicious,
e-00533286,malicious,
e-00533287,malicious,
e-00533288,malicious,
e-00533289,malicious,
e-00533290,malicious,
e-00533291,malicious,
e-00533292,malicious,
e-00533293,malicious,
e-00533294,malicious,
e-00533295,malicious,
e-00533296,malicious,
e-00533297,malicious,
e-00533298,malicious,
e-00533299,malicious,
e-00533300,malicious,
e-00533301,malicious,
e-00533302,malicious,
e-00533303,malicious,
e-00533304,malicious,
e-00533305,malicious,
e-00533306,malicious,
e-00533307,malicious,
e-00533308,malicious,
e-00533309,malicious,
e-00533310,malicious,
e-00533311,malicious,
e-00533312,malicious,
e-00533313,malicious,
e-00533314,malicious,
e-00533315,malicious,
e-00533316,malicious,
e-00533317,malicious,
e-00533318,malicious,
e-00533319,malicious,
e-00533320,malicious,
e-00533321,malicious,
e-00533322,malicious,
e-00533323,malicious,
e-00533324,malicious,
e-00533325,malicious,
e-00533326,malicious,
e-00533327,malicious,
e-00533328,malicious,
e-00533329,malicious,
e-00533330,malicious,
e-00533331,malicious,
e-00533332,malicious,
e-00533333,malicious,
e-00533334,malicious,
e-00533335,malicious,
e-00533336,malicious,
e-00533337,malicious,
e-00533338,malicious,
e-00533339,malicious,
e-00587762,malicious,
e-00587763,malicious,
e-00587764,malicious,
e-00587765,malicious,
e-00587766,malicious,
e-00587767,malicious,
e-00587768,malicious,
e-00587769,malicious,
e-00587770,malicious,
e-00587771,malicious,
e-00587772,malicious,
e-00587773,malicious,
e-00587774,malicious,
e-00587775,malicious,
e-00587776,malicious,
e-00587777,malicious,
