e-096601828,malicious,
e-096601830,malicious,
e-096601834,malicious,
e-096601836,malicious,
e-096601838,malicious,
e-096601839,malicious,
e-096601842,malicious,
e-096601843,malicious,
e-096601846,malicious,
e-096601847,malicious,
e-096601849,malicious,
e-096601850,malicious,
e-096601854,malicious,
e-096601858,malicious,
e-096601859,malicious,
e-096601860,malicious,
e-096601862,malicious,
e-096601864,malicious,
e-096601866,malicious,
e-096601869,malicious,
e-096601871,malicious,
e-096601872,malicious,
e-096601875,malicious,
e-096601878,malicious,
e-096601879,malicious,
e-096601880,malicious,
e-096601884,malicious,
e-096601888,malicious,
e-096601892,malicious,
e-096601893,malicious,
e-096601894,malicious,
e-096601895,malicious,
e-096601900,malicious,
e-096601901,malicious,
e-096601903,malicious,
e-096601907,malicious,
e-096601908,malicious,
e-096601910,malicious,
